SrcWell; DstWell;Vol
A1;A1;1500
F1;A1;1500
B1;A1;75
C1;A1;75
D1;A1;75
E1;A1;75
A1;B1;1500
G1;B1;1500
B1;B1;75
C1;B1;75
D1;B1;75
E1;B1;75
H1;C1;1500
C2;C1;1500
J1;C1;75
K1;C1;75
M1;C1;75
O1;C1;75
P1;C1;75
B2;C1;75
H1;D1;1500
C2;D1;1500
J1;D1;75
K1;D1;75
M1;D1;75
O1;D1;75
A2;D1;75
B2;D1;75
H1;E1;1500
C2;E1;1500
J1;E1;75
K1;E1;75
N1;E1;75
O1;E1;75
P1;E1;75
B2;E1;75
H1;F1;1500
C2;F1;1500
J1;F1;75
K1;F1;75
N1;F1;75
O1;F1;75
A2;F1;75
B2;F1;75
H1;G1;1500
C2;G1;1500
J1;G1;75
L1;G1;75
M1;G1;75
O1;G1;75
P1;G1;75
B2;G1;75
H1;H1;1500
C2;H1;1500
J1;H1;75
L1;H1;75
M1;H1;75
O1;H1;75
A2;H1;75
B2;H1;75
H1;A2;1500
C2;A2;1500
J1;A2;75
L1;A2;75
N1;A2;75
O1;A2;75
P1;A2;75
B2;A2;75
H1;B2;1500
C2;B2;1500
J1;B2;75
L1;B2;75
N1;B2;75
O1;B2;75
A2;B2;75
B2;B2;75
I1;C2;1500
C2;C2;1500
J1;C2;75
K1;C2;75
M1;C2;75
O1;C2;75
P1;C2;75
B2;C2;75
I1;D2;1500
C2;D2;1500
J1;D2;75
K1;D2;75
M1;D2;75
O1;D2;75
A2;D2;75
B2;D2;75
I1;E2;1500
C2;E2;1500
J1;E2;75
K1;E2;75
N1;E2;75
O1;E2;75
P1;E2;75
B2;E2;75
I1;F2;1500
C2;F2;1500
J1;F2;75
K1;F2;75
N1;F2;75
O1;F2;75
A2;F2;75
B2;F2;75
I1;G2;1500
C2;G2;1500
J1;G2;75
L1;G2;75
M1;G2;75
O1;G2;75
P1;G2;75
B2;G2;75
I1;H2;1500
C2;H2;1500
J1;H2;75
L1;H2;75
M1;H2;75
O1;H2;75
A2;H2;75
B2;H2;75
I1;A3;1500
C2;A3;1500
J1;A3;75
L1;A3;75
N1;A3;75
O1;A3;75
P1;A3;75
B2;A3;75
I1;B3;1500
C2;B3;1500
J1;B3;75
L1;B3;75
N1;B3;75
O1;B3;75
A2;B3;75
B2;B3;75
